{
  "ts": "2026-03-20T15:07:56.725Z",
  "top5_avg": 86.0525186181928,
  "mid10_avg": 60.98415931074073,
  "separation": 25.0684,
  "zero_bucket": 54,
  "total_count": 421,
  "pass": true
}