{
  "ts": "2026-03-20T15:07:50.365Z",
  "avg_before": 9.235784228028503,
  "avg_after": 10.07901463182898,
  "min_after": 9,
  "max_after": 49,
  "pass": true
}