{
  "high": {
    "winRate": 43.333333333333336,
    "count": 30
  },
  "medium": {
    "winRate": 33.33333333333333,
    "count": 165
  },
  "low": {
    "winRate": 66.66666666666666,
    "count": 6
  },
  "timestamp": "2026-04-01T16:00:46.018Z"
}